{
  "F1@5": 0.46217301445271103,
  "NDCG": 0.6370614767074585,
  "Documents_evaluated": 1311
}