{
  "F1@5": 0.4723778668450807,
  "NDCG": 0.6267973184585571,
  "Documents_evaluated": 766
}