{
  "F1@5": 0.26139167858285506,
  "NDCG": 0.3529174029827118,
  "Documents_evaluated": 200
}