{
  "F1@5": 0.23333333333333334,
  "NDCG": 0.2557168212186115,
  "Documents_evaluated": 10
}