{
  "F1@5": 0.25884181994476113,
  "NDCG": 0.3436610698699951,
  "Documents_evaluated": 200
}