{
  "F1@5": 0.020050125313283207,
  "NDCG": 0.04003209289447689,
  "Documents_evaluated": 10
}