{
  "F1@5": 0.14000000000000004,
  "NDCG": 0.1350819054187453,
  "Documents_evaluated": 10
}