{
  "F1@5": 0.4874134795362697,
  "NDCG": 0.661638573420191,
  "Documents_evaluated": 176
}