{
  "F1@5": 0.462624379908062,
  "NDCG": 0.635565996170044,
  "Documents_evaluated": 1311
}