{
  "F1@5": 0.3070962513060404,
  "NDCG": 0.4089403927722792,
  "Documents_evaluated": 63
}