{
  "F1@5": 0.4637008360688464,
  "NDCG": 0.6191828167030312,
  "Documents_evaluated": 1040
}