{
  "F1@5": 0.47692651562868454,
  "NDCG": 0.6530185341835022,
  "Documents_evaluated": 447
}