{
  "F1@5": 0.47814765885857546,
  "NDCG": 0.648990273475647,
  "Documents_evaluated": 447
}