{
  "F1@5": 0.46947900500769546,
  "NDCG": 0.648882269859314,
  "Documents_evaluated": 447
}