{
  "F1@5": 0.32557291486824397,
  "NDCG": 0.44222861528396606,
  "Documents_evaluated": 69
}