{
  "F1@5": 0.28964991054696937,
  "NDCG": 0.3619776486908253,
  "Documents_evaluated": 200
}