{
  "F1@5": 0.4658944087625725,
  "NDCG": 0.6341056823730469,
  "Documents_evaluated": 560
}