{
  "F1@5": 0.30562064790426613,
  "NDCG": 0.42892301082611084,
  "Documents_evaluated": 69
}