{
  "F1@5": 0.2655013728101963,
  "NDCG": 0.3498179316520691,
  "Documents_evaluated": 200
}