{
  "F1@5": 0.28779521760290994,
  "NDCG": 0.3883143663406372,
  "Documents_evaluated": 312
}