{
  "F1@5": 0.4588834607511689,
  "NDCG": 0.6141572056934623,
  "Documents_evaluated": 1040
}