{
  "F1@5": 0.5348055454716787,
  "NDCG": 0.7165104073919123,
  "Documents_evaluated": 301
}