{
  "F1@5": 0.452540523877909,
  "NDCG": 0.6115207076072693,
  "Documents_evaluated": 1048
}