{
  "F1@5": 0.47248642297104626,
  "NDCG": 0.6405420303344727,
  "Documents_evaluated": 560
}