{
  "F1@5": 0.4583449547731955,
  "NDCG": 0.613612949848175,
  "Documents_evaluated": 1040
}