{
  "F1@5": 0.4789182950646107,
  "NDCG": 0.6256227493286133,
  "Documents_evaluated": 766
}