{
  "F1@5": 0.26221183881478,
  "NDCG": 0.34960871934890747,
  "Documents_evaluated": 200
}