{
  "F1@5": 0.3039283938401189,
  "NDCG": 0.4083988070487976,
  "Documents_evaluated": 107
}