{
  "F1@5": 0.4658328182599977,
  "NDCG": 0.6352542042732239,
  "Documents_evaluated": 560
}