{
  "F1@5": 0.4702196887073211,
  "NDCG": 0.6450860500335693,
  "Documents_evaluated": 447
}