{
  "F1@5": 0.2978714371998521,
  "NDCG": 0.4040257930755615,
  "Documents_evaluated": 107
}