{
  "F1@5": 0.46715411501288023,
  "NDCG": 0.6392377614974976,
  "Documents_evaluated": 560
}