{
  "F1@5": 0.4580939033431471,
  "NDCG": 0.6138075674681003,
  "Documents_evaluated": 1048
}