{
  "F1@5": 0.28692756673525904,
  "NDCG": 0.38593369722366333,
  "Documents_evaluated": 312
}