{
  "F1@5": 0.26757923122629007,
  "NDCG": 0.3530314564704895,
  "Documents_evaluated": 200
}