{
  "F1@5": 0.2967399622366014,
  "NDCG": 0.4041210412979126,
  "Documents_evaluated": 107
}