{
  "F1@5": 0.46374125999283855,
  "NDCG": 0.6182205080986023,
  "Documents_evaluated": 1040
}