{
  "F1@5": 0.30099287443343886,
  "NDCG": 0.40001755952835083,
  "Documents_evaluated": 107
}