{
  "F1@5": 0.31087267067547053,
  "NDCG": 0.42751893401145935,
  "Documents_evaluated": 69
}