{
  "F1@5": 0.2885657433734357,
  "NDCG": 0.3829532861709595,
  "Documents_evaluated": 312
}