{
  "F1@5": 0.49705832364125313,
  "NDCG": 0.6688342094421387,
  "Documents_evaluated": 176
}