{
  "F1@5": 0.4646119684596386,
  "NDCG": 0.640026867389679,
  "Documents_evaluated": 1311
}