{
  "F1@5": 0.4733344295261735,
  "NDCG": 0.6239389777183533,
  "Documents_evaluated": 766
}