{
  "F1@5": 0.453170633314176,
  "NDCG": 0.6148327589035034,
  "Documents_evaluated": 1048
}