{
  "F1@5": 0.5177445563138092,
  "NDCG": 0.7058137059211731,
  "Documents_evaluated": 301
}