{
  "F1@5": 0.4603606614351003,
  "NDCG": 0.6172648668289185,
  "Documents_evaluated": 1040
}