{
  "F1@5": 0.04038461538461539,
  "NDCG": 0.05239908632517046,
  "Documents_evaluated": 10
}