{
  "F1@5": 0.5096531073093573,
  "NDCG": 0.6783276200294495,
  "Documents_evaluated": 32
}