{
  "F1@5": 0.4864549854160108,
  "NDCG": 0.6636918102228335,
  "Documents_evaluated": 176
}