{
  "F1@5": 0.4674234160531343,
  "NDCG": 0.6431580781936646,
  "Documents_evaluated": 560
}