{
  "F1@5": 0.5281528625249626,
  "NDCG": 0.7173169851303101,
  "Documents_evaluated": 301
}