{
  "F1@5": 0.4749875222894378,
  "NDCG": 0.6450467109680176,
  "Documents_evaluated": 447
}