{
  "F1@5": 0.4591248628471061,
  "NDCG": 0.6167663335800171,
  "Documents_evaluated": 1040
}