{
  "F1@5": 0.48645498541601084,
  "NDCG": 0.6636918102228335,
  "Documents_evaluated": 176
}