{
  "F1@5": 0.4822901199627955,
  "NDCG": 0.6505539417266846,
  "Documents_evaluated": 447
}