{
  "F1@5": 0.5114636231823732,
  "NDCG": 0.6833634972572327,
  "Documents_evaluated": 32
}