{
  "F1@5": 0.28010475991245226,
  "NDCG": 0.39056146144866943,
  "Documents_evaluated": 312
}