{
  "F1@5": 0.2812975486052409,
  "NDCG": 0.3842083513736725,
  "Documents_evaluated": 312
}