{
  "F1@5": 0.04222222222222223,
  "NDCG": 0.07220983418869384,
  "Documents_evaluated": 10
}