{
  "F1@5": 0.2869488417565341,
  "NDCG": 0.39151347730540154,
  "Documents_evaluated": 312
}