{
  "F1@5": 0.4615491850119988,
  "NDCG": 0.6347748637199402,
  "Documents_evaluated": 560
}