{
  "F1@5": 0.2727621316591905,
  "NDCG": 0.35492458939552307,
  "Documents_evaluated": 200
}