{
  "F1@5": 0.45856356941223064,
  "NDCG": 0.6177414655685425,
  "Documents_evaluated": 1048
}