{
  "F1@5": 0.18666666666666665,
  "NDCG": 0.2066828304701614,
  "Documents_evaluated": 10
}