{
  "F1@5": 0.09705128205128206,
  "NDCG": 0.13627398544736488,
  "Documents_evaluated": 10
}