{
  "F1@5": 0.2981742579770578,
  "NDCG": 0.4171203076839447,
  "Documents_evaluated": 69
}