{
  "F1@5": 0.4522430020485146,
  "NDCG": 0.6131612658500671,
  "Documents_evaluated": 1048
}