{
  "F1@5": 0.4628606024137771,
  "NDCG": 0.6325849294662476,
  "Documents_evaluated": 560
}