{
  "F1@5": 0.49742294274092,
  "NDCG": 0.6750416159629822,
  "Documents_evaluated": 176
}