{
  "F1@5": 0.2923101471178394,
  "NDCG": 0.3931382894515991,
  "Documents_evaluated": 312
}