{
  "F1@5": 0.5307722776478492,
  "NDCG": 0.7094656825065613,
  "Documents_evaluated": 301
}