{
  "F1@5": 0.4810123052592231,
  "NDCG": 0.6333557367324829,
  "Documents_evaluated": 766
}