{
  "F1@5": 0.46107868051336887,
  "NDCG": 0.6162390112876892,
  "Documents_evaluated": 1040
}