{
  "F1@5": 0.46300003962559044,
  "NDCG": 0.6412488715334014,
  "Documents_evaluated": 1311
}