{
  "F1@5": 0.46116411586935324,
  "NDCG": 0.6189225316047668,
  "Documents_evaluated": 1040
}