{
  "F1@5": 0.27248106958401075,
  "NDCG": 0.3573073446750641,
  "Documents_evaluated": 200
}