{
  "F1@5": 0.2977843228604013,
  "NDCG": 0.4106079936027527,
  "Documents_evaluated": 107
}