{
  "F1@5": 0.29100543331312567,
  "NDCG": 0.39981046319007874,
  "Documents_evaluated": 312
}