{
  "F1@5": 0.29403316800486196,
  "NDCG": 0.41265666044185734,
  "Documents_evaluated": 63
}