{
  "F1@5": 0.5107660297515102,
  "NDCG": 0.68197101354599,
  "Documents_evaluated": 176
}