{
  "F1@5": 0.5102878024753024,
  "NDCG": 0.6663413934720849,
  "Documents_evaluated": 32
}