{
  "F1@5": 0.5073493394436326,
  "NDCG": 0.67819744348526,
  "Documents_evaluated": 176
}