{
  "F1@5": 0.4692252729110966,
  "NDCG": 0.6227066271890335,
  "Documents_evaluated": 766
}