{
  "F1@5": 0.2780882578959502,
  "NDCG": 0.3806596264347858,
  "Documents_evaluated": 312
}