{
  "F1@5": 0.47433943214148266,
  "NDCG": 0.6490552425384521,
  "Documents_evaluated": 447
}