{
  "F1@5": 0.2604652243181655,
  "NDCG": 0.35775870084762573,
  "Documents_evaluated": 200
}