{
  "F1@5": 0.46179711544963264,
  "NDCG": 0.6353424420932169,
  "Documents_evaluated": 1311
}