{
  "F1@5": 0.5030310834998335,
  "NDCG": 0.6901653409004211,
  "Documents_evaluated": 32
}