{
  "F1@5": 0.46230003438688294,
  "NDCG": 0.6377172470092773,
  "Documents_evaluated": 1311
}