{
  "F1@5": 0.31174070890048816,
  "NDCG": 0.43498554825782776,
  "Documents_evaluated": 69
}