{
  "F1@5": 0.521934675421594,
  "NDCG": 0.7092690467834473,
  "Documents_evaluated": 301
}