{
  "F1@5": 0.46194967654897445,
  "NDCG": 0.6150550246238708,
  "Documents_evaluated": 1040
}