{
  "F1@5": 0.5215067051004552,
  "NDCG": 0.6734052896499634,
  "Documents_evaluated": 32
}