{
  "F1@5": 0.4670924681929493,
  "NDCG": 0.6419002413749695,
  "Documents_evaluated": 1311
}