{
  "F1@5": 0.47928490438998533,
  "NDCG": 0.6288755536079407,
  "Documents_evaluated": 766
}