{
  "F1@5": 0.4531263855963275,
  "NDCG": 0.6162275671958923,
  "Documents_evaluated": 1048
}