{
  "F1@5": 0.5259083605152302,
  "NDCG": 0.7083094120025635,
  "Documents_evaluated": 301
}