{
  "F1@5": 0.5170935834998336,
  "NDCG": 0.6861649751663208,
  "Documents_evaluated": 32
}