{
  "F1@5": 0.46373377236325175,
  "NDCG": 0.6373720169067383,
  "Documents_evaluated": 1311
}