{
  "F1@5": 0.49260676460087827,
  "NDCG": 0.671535849571228,
  "Documents_evaluated": 176
}