{
  "F1@5": 0.5381771873959373,
  "NDCG": 0.7027592658996582,
  "Documents_evaluated": 32
}