{
  "F1@5": 0.46861846938510054,
  "NDCG": 0.6434385180473328,
  "Documents_evaluated": 1311
}