{
  "F1@5": 0.2782689859160447,
  "NDCG": 0.36068791849439097,
  "Documents_evaluated": 200
}