{
  "F1@5": 0.2970257601437129,
  "NDCG": 0.40784525871276855,
  "Documents_evaluated": 107
}