{
  "F1@5": 0.28882011862781093,
  "NDCG": 0.39285749197006226,
  "Documents_evaluated": 312
}