{
  "F1@5": 0.31433127279136164,
  "NDCG": 0.42990046739578247,
  "Documents_evaluated": 69
}