{
  "F1@5": 0.31140565274701765,
  "NDCG": 0.41949743032455444,
  "Documents_evaluated": 69
}