{
  "F1@5": 0.3084838593352526,
  "NDCG": 0.4304050803184509,
  "Documents_evaluated": 69
}