{
  "F1@5": 0.5015925914363415,
  "NDCG": 0.6671674251556396,
  "Documents_evaluated": 32
}