{
  "F1@5": 0.2859984033060956,
  "NDCG": 0.39434799551963806,
  "Documents_evaluated": 312
}