{
  "F1@5": 0.4668634794258614,
  "NDCG": 0.6394814252853394,
  "Documents_evaluated": 560
}