{
  "F1@5": 0.4615449750573925,
  "NDCG": 0.635295033454895,
  "Documents_evaluated": 1311
}