{
  "F1@5": 0.47883375545040874,
  "NDCG": 0.6286259293556213,
  "Documents_evaluated": 766
}