{
  "F1@5": 0.4675654170881849,
  "NDCG": 0.6356729373231912,
  "Documents_evaluated": 560
}