{
  "F1@5": 0.47731054178155485,
  "NDCG": 0.6297839879989624,
  "Documents_evaluated": 766
}