{
  "F1@5": 0.5280977655960271,
  "NDCG": 0.7093563675880432,
  "Documents_evaluated": 301
}