{
  "F1@5": 0.4710815372531101,
  "NDCG": 0.6473385691642761,
  "Documents_evaluated": 447
}