{
  "F1@5": 0.4658000736131167,
  "NDCG": 0.619454026222229,
  "Documents_evaluated": 1040
}