{
  "F1@5": 0.4693992632355261,
  "NDCG": 0.6324912905693054,
  "Documents_evaluated": 560
}