{
  "F1@5": 0.4909573927309182,
  "NDCG": 0.6657116413116455,
  "Documents_evaluated": 176
}