{
  "F1@5": 0.46476382485865747,
  "NDCG": 0.6188139319419861,
  "Documents_evaluated": 1040
}