{
  "F1@5": 0.5177136231823731,
  "NDCG": 0.6884750127792358,
  "Documents_evaluated": 32
}