{
  "F1@5": 0.4847210896697488,
  "NDCG": 0.6633671522140503,
  "Documents_evaluated": 176
}