{
  "F1@5": 0.49509097546577097,
  "NDCG": 0.6651358008384705,
  "Documents_evaluated": 176
}