{
  "F1@5": 0.29097007226313865,
  "NDCG": 0.3960812276356437,
  "Documents_evaluated": 105
}