{
  "F1@5": 0.4742562521184263,
  "NDCG": 0.646096833146591,
  "Documents_evaluated": 447
}