{
  "F1@5": 0.4536637521213042,
  "NDCG": 0.6149671907307172,
  "Documents_evaluated": 1048
}