{
  "F1@5": 0.5381260560561598,
  "NDCG": 0.7128325700759888,
  "Documents_evaluated": 301
}