{
  "F1@5": 0.06742581090407178,
  "NDCG": 0.0887418939823329,
  "Documents_evaluated": 10
}