{
  "F1@5": 0.4711221313372467,
  "NDCG": 0.6505713661475921,
  "Documents_evaluated": 447
}