{
  "F1@5": 0.3149222294733131,
  "NDCG": 0.4279431700706482,
  "Documents_evaluated": 69
}