{
  "F1@5": 0.3010331322999975,
  "NDCG": 0.41040509939193726,
  "Documents_evaluated": 107
}