{
  "F1@5": 0.47315016985927877,
  "NDCG": 0.645665168762207,
  "Documents_evaluated": 447
}