{
  "F1@5": 0.27102915058797417,
  "NDCG": 0.3585519790649414,
  "Documents_evaluated": 200
}