{
  "F1@5": 0.26714960366430957,
  "NDCG": 0.3535967171192169,
  "Documents_evaluated": 200
}