{
  "F1@5": 0.31640066489041774,
  "NDCG": 0.41671860218048096,
  "Documents_evaluated": 107
}