{
  "F1@5": 0.532344305000555,
  "NDCG": 0.6748745441436768,
  "Documents_evaluated": 32
}