{
  "F1@5": 0.4518733088494007,
  "NDCG": 0.6132109761238098,
  "Documents_evaluated": 1048
}