{
  "F1@5": 0.2806648479725403,
  "NDCG": 0.3858826458454132,
  "Documents_evaluated": 312
}