{
  "F1@5": 0.45116758991884676,
  "NDCG": 0.6159691214561462,
  "Documents_evaluated": 1048
}