{
  "F1@5": 0.29877372325519547,
  "NDCG": 0.40727724662616877,
  "Documents_evaluated": 105
}