{
  "F1@5": 0.49372192784672336,
  "NDCG": 0.662702202796936,
  "Documents_evaluated": 176
}