{
  "F1@5": 0.46291857674469594,
  "NDCG": 0.640200674533844,
  "Documents_evaluated": 560
}