{
  "F1@5": 0.4758379441333952,
  "NDCG": 0.6282899878065628,
  "Documents_evaluated": 766
}