{
  "F1@5": 0.3054043183401105,
  "NDCG": 0.4286120533943176,
  "Documents_evaluated": 69
}