{
  "F1@5": 0.46383901081992474,
  "NDCG": 0.6387125849723816,
  "Documents_evaluated": 1311
}