{
  "F1@5": 0.5284672161496463,
  "NDCG": 0.7079945206642151,
  "Documents_evaluated": 301
}