{
  "F1@5": 0.47246109801841046,
  "NDCG": 0.6288745403289795,
  "Documents_evaluated": 766
}