{
  "F1@5": 0.4608371320089803,
  "NDCG": 0.634968638420105,
  "Documents_evaluated": 1311
}