{
  "F1@5": 0.5267288956849911,
  "NDCG": 0.7128710746765137,
  "Documents_evaluated": 301
}