{
  "F1@5": 0.455841208358875,
  "NDCG": 0.6157531142234802,
  "Documents_evaluated": 1048
}