{
  "F1@5": 0.5071729485791986,
  "NDCG": 0.6906622648239136,
  "Documents_evaluated": 32
}