{
  "F1@5": 0.4746875172963378,
  "NDCG": 0.6273431777954102,
  "Documents_evaluated": 766
}