{
  "F1@5": 0.5251931517941998,
  "NDCG": 0.711057722568512,
  "Documents_evaluated": 301
}