{
  "F1@5": 0.4989809511103378,
  "NDCG": 0.669709324836731,
  "Documents_evaluated": 176
}