{
  "F1@5": 0.4586780242366452,
  "NDCG": 0.616441547870636,
  "Documents_evaluated": 1048
}