{
  "F1@5": 0.4598370868360515,
  "NDCG": 0.6150352954864502,
  "Documents_evaluated": 1040
}