{
  "F1@5": 0.30343441005254457,
  "NDCG": 0.40496495366096497,
  "Documents_evaluated": 107
}