{
  "F1@5": 0.45748679169761236,
  "NDCG": 0.6308663594562267,
  "Documents_evaluated": 560
}