{
  "F1@5": 0.4780770116581331,
  "NDCG": 0.6326857805252075,
  "Documents_evaluated": 766
}