{
  "F1@5": 0.47705949044582835,
  "NDCG": 0.646878719329834,
  "Documents_evaluated": 447
}