{
  "F1@5": 0.4562058742793676,
  "NDCG": 0.6143401861190796,
  "Documents_evaluated": 1048
}