{
  "F1@5": 0.3061617518477664,
  "NDCG": 0.40743201971054077,
  "Documents_evaluated": 107
}