{
  "F1@5": 0.5160503558941059,
  "NDCG": 0.6754431022546995,
  "Documents_evaluated": 32
}