{
  "F1@5": 0.3586282711669708,
  "NDCG": 0.4873850643634796,
  "Documents_evaluated": 69
}