{
  "F1@5": 0.3757298267259231,
  "NDCG": 0.5014383792877197,
  "Documents_evaluated": 69
}