{
  "F1@5": 0.3586447260730475,
  "NDCG": 0.48646029829978943,
  "Documents_evaluated": 69
}