{
  "F1@5": 0.37850500219930827,
  "NDCG": 0.5064356923103333,
  "Documents_evaluated": 69
}