{
  "F1@5": 0.36922049996488004,
  "NDCG": 0.4990902245044708,
  "Documents_evaluated": 69
}