{
  "F1@5": 0.3777446650107843,
  "NDCG": 0.4988691210746765,
  "Documents_evaluated": 69
}