{
  "F1@5": 0.3521352396874001,
  "NDCG": 0.48615989089012146,
  "Documents_evaluated": 69
}