{
  "F1@5": 0.36044801892493367,
  "NDCG": 0.49159908294677734,
  "Documents_evaluated": 69
}