{
  "F1@5": 0.37112070798636954,
  "NDCG": 0.49140819907188416,
  "Documents_evaluated": 69
}