{
  "F1@5": 0.36937029333717986,
  "NDCG": 0.5043149590492249,
  "Documents_evaluated": 69
}