{
  "F1@5": 0.3551442609787,
  "NDCG": 0.49128710512643703,
  "Documents_evaluated": 63
}