{
  "F1@5": 0.5319231423955479,
  "NDCG": 0.7081617116928101,
  "Documents_evaluated": 301
}