{
  "F1@5": 0.5271564650444514,
  "NDCG": 0.7143098358418939,
  "Documents_evaluated": 301
}