{
  "F1@5": 0.5321253706693209,
  "NDCG": 0.7099378108978271,
  "Documents_evaluated": 301
}