{
  "F1@5": 0.5266833568441592,
  "NDCG": 0.7005220055580139,
  "Documents_evaluated": 301
}