{
  "F1@5": 0.5378330721577018,
  "NDCG": 0.7168080806732178,
  "Documents_evaluated": 301
}