{
  "F1@5": 0.5283557086730561,
  "NDCG": 0.7097092866897583,
  "Documents_evaluated": 301
}