{
  "F1@5": 0.5275744425768977,
  "NDCG": 0.7077354788780212,
  "Documents_evaluated": 301
}