{
  "F1@5": 0.5316792751299884,
  "NDCG": 0.7078267931938171,
  "Documents_evaluated": 301
}