{
  "F1@5": 0.5352797101484006,
  "NDCG": 0.7093878984451294,
  "Documents_evaluated": 301
}