{
  "F1@5": 0.5333605076527891,
  "NDCG": 0.7053369283676147,
  "Documents_evaluated": 301
}