{
  "F1@5": 0.5416464692229529,
  "NDCG": 0.7180044054985046,
  "Documents_evaluated": 301
}