{
  "F1@5": 0.47077815714938026,
  "NDCG": 0.6393664479255676,
  "Documents_evaluated": 447
}