{
  "F1@5": 0.4591644463522589,
  "NDCG": 0.6361055374145508,
  "Documents_evaluated": 447
}