{
  "F1@5": 0.464325900342437,
  "NDCG": 0.6400625705718994,
  "Documents_evaluated": 447
}