{
  "F1@5": 0.47114088479505567,
  "NDCG": 0.6453112363815308,
  "Documents_evaluated": 447
}