{
  "F1@5": 0.4662860782613283,
  "NDCG": 0.6427321434020996,
  "Documents_evaluated": 447
}