{
  "F1@5": 0.46168680860086636,
  "NDCG": 0.6349944472312927,
  "Documents_evaluated": 447
}