{
  "F1@5": 0.4589163856942413,
  "NDCG": 0.6381850147571628,
  "Documents_evaluated": 447
}