{
  "F1@5": 0.46796848628071974,
  "NDCG": 0.6332889795303345,
  "Documents_evaluated": 447
}