{
  "F1@5": 0.4662321097707233,
  "NDCG": 0.6411814093589783,
  "Documents_evaluated": 447
}