{
  "F1@5": 0.46712970257254877,
  "NDCG": 0.637841522693634,
  "Documents_evaluated": 447
}