{
  "F1@5": 0.46394802162537224,
  "NDCG": 0.635046660900116,
  "Documents_evaluated": 447
}