{
  "F1@5": 0.464599460714015,
  "NDCG": 0.6286221742630005,
  "Documents_evaluated": 1048
}