{
  "F1@5": 0.4687357111817551,
  "NDCG": 0.6330190896987915,
  "Documents_evaluated": 1048
}