{
  "F1@5": 0.46664994433360857,
  "NDCG": 0.6292364597320557,
  "Documents_evaluated": 1048
}