{
  "F1@5": 0.46934642550589806,
  "NDCG": 0.6322051882743835,
  "Documents_evaluated": 1048
}