{
  "F1@5": 0.4693374886345902,
  "NDCG": 0.6264853477478027,
  "Documents_evaluated": 1048
}