{
  "F1@5": 0.4695749681370415,
  "NDCG": 0.6284409761428833,
  "Documents_evaluated": 1048
}