{
  "F1@5": 0.46461912990128634,
  "NDCG": 0.6286128163337708,
  "Documents_evaluated": 1048
}