{
  "F1@5": 0.4684728002568874,
  "NDCG": 0.6265709400177002,
  "Documents_evaluated": 1048
}