{
  "F1@5": 0.46466079046119657,
  "NDCG": 0.6282243728637695,
  "Documents_evaluated": 1048
}