{
  "F1@5": 0.47304038133646015,
  "NDCG": 0.6267992258071899,
  "Documents_evaluated": 1048
}