{
  "F1@5": 0.47289082429546253,
  "NDCG": 0.633261941197886,
  "Documents_evaluated": 1048
}