{
  "F1@5": 0.31386616855366856,
  "NDCG": 0.41831105947494507,
  "Documents_evaluated": 32
}