{
  "F1@5": 0.02957393483709273,
  "NDCG": 0.044531317135324724,
  "Documents_evaluated": 10
}