{
  "F1@5": 0.3395539980123049,
  "NDCG": 0.4848705232143402,
  "Documents_evaluated": 560
}