{
  "F1@5": 0.31073735292485294,
  "NDCG": 0.42839697003364563,
  "Documents_evaluated": 32
}