{
  "F1@5": 0.3306142642080142,
  "NDCG": 0.44411230087280273,
  "Documents_evaluated": 32
}