{
  "F1@5": 0.3466364072396445,
  "NDCG": 0.49883657693862915,
  "Documents_evaluated": 560
}