{
  "F1@5": 0.35192966755466754,
  "NDCG": 0.44699999690055847,
  "Documents_evaluated": 32
}