{
  "F1@5": 0.350333612230795,
  "NDCG": 0.48155972361564636,
  "Documents_evaluated": 447
}