{
  "F1@5": 0.2866461308889361,
  "NDCG": 0.39848437905311584,
  "Documents_evaluated": 1048
}