{
  "F1@5": 0.35114306514623855,
  "NDCG": 0.4979236904443187,
  "Documents_evaluated": 560
}