{
  "F1@5": 0.3193791850958433,
  "NDCG": 0.4337014853954315,
  "Documents_evaluated": 1040
}