{
  "F1@5": 0.19926392388365735,
  "NDCG": 0.285709947347641,
  "Documents_evaluated": 69
}