{
  "F1@5": 0.2542704910072155,
  "NDCG": 0.35775676369667053,
  "Documents_evaluated": 301
}