{
  "F1@5": 0.2048735600559534,
  "NDCG": 0.2949148118495941,
  "Documents_evaluated": 69
}