{
  "F1@5": 0.2832755278379747,
  "NDCG": 0.39642417430877686,
  "Documents_evaluated": 1048
}