{
  "F1@5": 0.32391488719613715,
  "NDCG": 0.41199633479118347,
  "Documents_evaluated": 32
}