{
  "F1@5": 0.2318041811130046,
  "NDCG": 0.31558436155319214,
  "Documents_evaluated": 200
}