{
  "F1@5": 0.24137027145994905,
  "NDCG": 0.33298441767692566,
  "Documents_evaluated": 107
}