{
  "F1@5": 0.36933046372912953,
  "NDCG": 0.5109716057777405,
  "Documents_evaluated": 1311
}