{
  "F1@5": 0.3450942110304038,
  "NDCG": 0.4996345639228821,
  "Documents_evaluated": 560
}