{
  "F1@5": 0.20503141048638424,
  "NDCG": 0.3023087680339813,
  "Documents_evaluated": 69
}