{
  "F1@5": 0.25546128859670025,
  "NDCG": 0.3536200523376465,
  "Documents_evaluated": 301
}