{
  "F1@5": 0.22578035526564938,
  "NDCG": 0.32352140527758017,
  "Documents_evaluated": 200
}