{
  "F1@5": 0.26079899445284066,
  "NDCG": 0.3657929003238678,
  "Documents_evaluated": 312
}