{
  "F1@5": 0.26088501953886567,
  "NDCG": 0.3707134425640106,
  "Documents_evaluated": 312
}