{
  "F1@5": 0.3603735226538386,
  "NDCG": 0.49885737895965576,
  "Documents_evaluated": 560
}