{
  "F1@5": 0.22664895686361827,
  "NDCG": 0.31691738963127136,
  "Documents_evaluated": 107
}