{
  "F1@5": 0.21822722480123444,
  "NDCG": 0.29878678917884827,
  "Documents_evaluated": 107
}