{
  "F1@5": 0.2587561299099761,
  "NDCG": 0.36636635661125183,
  "Documents_evaluated": 312
}