{
  "F1@5": 0.20464794259011918,
  "NDCG": 0.29581859707832336,
  "Documents_evaluated": 107
}