{
  "F1@5": 0.36982100096821396,
  "NDCG": 0.5127199292182922,
  "Documents_evaluated": 1311
}