{
  "F1@5": 0.30858265219863545,
  "NDCG": 0.41998833417892456,
  "Documents_evaluated": 766
}