{
  "F1@5": 0.22296460151824266,
  "NDCG": 0.3146454989910126,
  "Documents_evaluated": 69
}