{
  "F1@5": 0.343679849867176,
  "NDCG": 0.48929640650749207,
  "Documents_evaluated": 560
}