{
  "F1@5": 0.3459826073197296,
  "NDCG": 0.49184071509241745,
  "Documents_evaluated": 560
}