{
  "F1@5": 0.19563023849106703,
  "NDCG": 0.28081913332657316,
  "Documents_evaluated": 63
}