{
  "F1@5": 0.22000000000000003,
  "NDCG": 0.2733036051638048,
  "Documents_evaluated": 10
}