{
  "F1@5": 0.2203430311518547,
  "NDCG": 0.32141730189323425,
  "Documents_evaluated": 200
}