{
  "F1@5": 0.32962124783243946,
  "NDCG": 0.43957746028900146,
  "Documents_evaluated": 176
}