{
  "F1@5": 0.3096712119264211,
  "NDCG": 0.4238664507865906,
  "Documents_evaluated": 766
}