{
  "F1@5": 0.3687261387578393,
  "NDCG": 0.5149959325790405,
  "Documents_evaluated": 1311
}