{
  "F1@5": 0.37149915065537026,
  "NDCG": 0.5141841766752092,
  "Documents_evaluated": 1311
}