{
  "F1@5": 0.3146673175119436,
  "NDCG": 0.42869752645492554,
  "Documents_evaluated": 1040
}