{
  "F1@5": 0.34337446758235857,
  "NDCG": 0.48568812012672424,
  "Documents_evaluated": 560
}