{
  "F1@5": 0.32477316332808237,
  "NDCG": 0.4446999728679657,
  "Documents_evaluated": 176
}