{
  "F1@5": 0.305606437253365,
  "NDCG": 0.4214020279384391,
  "Documents_evaluated": 766
}