{
  "F1@5": 0.37158788098354684,
  "NDCG": 0.5181852548142943,
  "Documents_evaluated": 1311
}