{
  "F1@5": 0.2562503024041486,
  "NDCG": 0.3702351152896881,
  "Documents_evaluated": 312
}