{
  "F1@5": 0.31482189224645046,
  "NDCG": 0.42163732647895813,
  "Documents_evaluated": 766
}