{
  "F1@5": 0.31575496879218773,
  "NDCG": 0.42290072673025775,
  "Documents_evaluated": 176
}