{
  "F1@5": 0.3081339033261076,
  "NDCG": 0.42677468061447144,
  "Documents_evaluated": 1040
}