{
  "F1@5": 0.30612532675820137,
  "NDCG": 0.42278316617012024,
  "Documents_evaluated": 766
}