{
  "F1@5": 0.2573599314546863,
  "NDCG": 0.3561376631259918,
  "Documents_evaluated": 301
}