{
  "F1@5": 0.21811691413162002,
  "NDCG": 0.3066084384918213,
  "Documents_evaluated": 200
}