{
  "F1@5": 0.3122634241804912,
  "NDCG": 0.42835715413093567,
  "Documents_evaluated": 1040
}