{
  "F1@5": 0.21676694807403835,
  "NDCG": 0.3051345944404602,
  "Documents_evaluated": 107
}