{
  "F1@5": 0.2249449882017875,
  "NDCG": 0.31170665995363983,
  "Documents_evaluated": 105
}