{
  "F1@5": 0.2201343491049908,
  "NDCG": 0.31350231170654297,
  "Documents_evaluated": 107
}