{
  "F1@5": 0.26024214389599004,
  "NDCG": 0.37244299054145813,
  "Documents_evaluated": 312
}