{
  "F1@5": 0.2486575127414162,
  "NDCG": 0.35021674633026123,
  "Documents_evaluated": 301
}