{
  "F1@5": 0.3486100704850705,
  "NDCG": 0.44327358722482346,
  "Documents_evaluated": 32
}