{
  "F1@5": 0.2232270617214755,
  "NDCG": 0.2865700423717499,
  "Documents_evaluated": 69
}