{
  "F1@5": 0.08888888888888889,
  "NDCG": 0.15213098035635592,
  "Documents_evaluated": 10
}