{
  "F1@5": 0.3287826006747524,
  "NDCG": 0.44694530963897705,
  "Documents_evaluated": 176
}