{
  "F1@5": 0.3398219226996362,
  "NDCG": 0.47678613662719727,
  "Documents_evaluated": 447
}