{
  "F1@5": 0.263181796835643,
  "NDCG": 0.3643839750295666,
  "Documents_evaluated": 312
}