{
  "F1@5": 0.31596441752691756,
  "NDCG": 0.45410674810409546,
  "Documents_evaluated": 32
}