{
  "F1@5": 0.22505926386063332,
  "NDCG": 0.3247247636318207,
  "Documents_evaluated": 107
}