{
  "F1@5": 0.3418766996891997,
  "NDCG": 0.4618049192763023,
  "Documents_evaluated": 32
}