{
  "F1@5": 0.24657312622018504,
  "NDCG": 0.328957736492157,
  "Documents_evaluated": 200
}