{
  "F1@5": 0.2398155504626093,
  "NDCG": 0.32843873385632194,
  "Documents_evaluated": 200
}