{
  "F1@5": 0.3120720911238551,
  "NDCG": 0.42597630620002747,
  "Documents_evaluated": 766
}