{
  "F1@5": 0.33338254161979486,
  "NDCG": 0.4767976701259613,
  "Documents_evaluated": 447
}