{
  "F1@5": 0.3356797998668615,
  "NDCG": 0.4767637342646579,
  "Documents_evaluated": 447
}