{
  "F1@5": 0.34650920211581143,
  "NDCG": 0.4726964831352234,
  "Documents_evaluated": 447
}