{
  "F1@5": 0.2313449541506256,
  "NDCG": 0.31515022592564634,
  "Documents_evaluated": 105
}