{
  "F1@5": 0.2551074190999839,
  "NDCG": 0.3563161118544848,
  "Documents_evaluated": 301
}