{
  "F1@5": 0.20359345103927148,
  "NDCG": 0.2957249581813812,
  "Documents_evaluated": 69
}