{
  "F1@5": 0.3298728267488791,
  "NDCG": 0.44557905197143555,
  "Documents_evaluated": 176
}