{
  "F1@5": 0.3139477320440262,
  "NDCG": 0.4287731349468231,
  "Documents_evaluated": 766
}