{
  "F1@5": 0.32042750152612987,
  "NDCG": 0.4382416009902954,
  "Documents_evaluated": 176
}