{
  "F1@5": 0.3718261359386204,
  "NDCG": 0.5144786834716797,
  "Documents_evaluated": 1311
}