{
  "F1@5": 0.2647797042520916,
  "NDCG": 0.36521485447883606,
  "Documents_evaluated": 301
}