{
  "F1@5": 0.22966529222411572,
  "NDCG": 0.31865301728248596,
  "Documents_evaluated": 200
}