{
  "F1@5": 0.022028985507246378,
  "NDCG": 0.04699522047452626,
  "Documents_evaluated": 10
}