{
  "F1@5": 0.3711601237654726,
  "NDCG": 0.5107782483100891,
  "Documents_evaluated": 1311
}