{
  "F1@5": 0.2788214766154671,
  "NDCG": 0.3887118399143219,
  "Documents_evaluated": 1048
}