{
  "F1@5": 0.3109952464730789,
  "NDCG": 0.42300352454185486,
  "Documents_evaluated": 766
}