{
  "F1@5": 0.1898710788770016,
  "NDCG": 0.28682175278663635,
  "Documents_evaluated": 69
}