{
  "F1@5": 0.3679307064003248,
  "NDCG": 0.5114281177520752,
  "Documents_evaluated": 1311
}