{
  "F1@5": 0.2713550518388211,
  "NDCG": 0.375683065977622,
  "Documents_evaluated": 1048
}