{
  "F1@5": 0.33424559596027054,
  "NDCG": 0.4732415878308287,
  "Documents_evaluated": 447
}