{
  "F1@5": 0.2840493228074519,
  "NDCG": 0.3941110074520111,
  "Documents_evaluated": 1048
}