{
  "F1@5": 0.3478615134865135,
  "NDCG": 0.4654184579849243,
  "Documents_evaluated": 32
}