{
  "F1@5": 0.05555555555555556,
  "NDCG": 0.050700600290816376,
  "Documents_evaluated": 10
}