{
  "F1@5": 0.2508552345090807,
  "NDCG": 0.3640445908428291,
  "Documents_evaluated": 312
}