{
  "F1@5": 0.2545131506669968,
  "NDCG": 0.3733712136745453,
  "Documents_evaluated": 312
}