{
  "F1@5": 0.26011773127157745,
  "NDCG": 0.36936548352241516,
  "Documents_evaluated": 312
}