{
  "F1@5": 0.37034140842050445,
  "NDCG": 0.5122559070587158,
  "Documents_evaluated": 1311
}