{
  "F1@5": 0.24717676812437447,
  "NDCG": 0.3475874662399292,
  "Documents_evaluated": 301
}