{
  "F1@5": 0.3304135851941184,
  "NDCG": 0.44121745228767395,
  "Documents_evaluated": 176
}