{
  "F1@5": 0.3157549687921878,
  "NDCG": 0.42290072673025775,
  "Documents_evaluated": 176
}