{
  "F1@5": 0.3342455959602705,
  "NDCG": 0.4732415878308287,
  "Documents_evaluated": 447
}