{
  "F1@5": 0.31598100502318077,
  "NDCG": 0.43326112627983093,
  "Documents_evaluated": 176
}