{
  "F1@5": 0.3476407788028119,
  "NDCG": 0.4954792559146881,
  "Documents_evaluated": 560
}