{
  "F1@5": 0.21315157726037418,
  "NDCG": 0.30525511503219604,
  "Documents_evaluated": 107
}