{
  "F1@5": 0.33745021616488174,
  "NDCG": 0.4718436002731323,
  "Documents_evaluated": 447
}