{
  "F1@5": 0.05205128205128205,
  "NDCG": 0.039689938820992685,
  "Documents_evaluated": 10
}