{
  "F1@5": 0.27836363547169674,
  "NDCG": 0.38960695266723633,
  "Documents_evaluated": 1048
}