{
  "F1@5": 0.30945798023532384,
  "NDCG": 0.42827871441841125,
  "Documents_evaluated": 1040
}