{
  "F1@5": 0.3258499303140283,
  "NDCG": 0.4400180111881987,
  "Documents_evaluated": 176
}