{
  "F1@5": 0.3361428883570152,
  "NDCG": 0.4764026999473572,
  "Documents_evaluated": 447
}