{
  "F1@5": 0.3472656438292162,
  "NDCG": 0.48715171217918396,
  "Documents_evaluated": 560
}