{
  "F1@5": 0.32812106857939677,
  "NDCG": 0.4488500654697418,
  "Documents_evaluated": 176
}