{
  "F1@5": 0.37200450432619575,
  "NDCG": 0.5130425095558167,
  "Documents_evaluated": 1311
}