{
  "F1@5": 0.31301930143001655,
  "NDCG": 0.42970728874206543,
  "Documents_evaluated": 1040
}