{
  "F1@5": 0.16666666666666666,
  "NDCG": 0.18917487348515472,
  "Documents_evaluated": 10
}