{
  "F1@5": 0.22725808994926644,
  "NDCG": 0.32201603055000305,
  "Documents_evaluated": 200
}