{
  "F1@5": 0.33056805398527744,
  "NDCG": 0.4727467894554138,
  "Documents_evaluated": 447
}