{
  "F1@5": 0.23702327737621856,
  "NDCG": 0.3231847882270813,
  "Documents_evaluated": 200
}