{
  "F1@5": 0.045000000000000005,
  "NDCG": 0.034817569634325404,
  "Documents_evaluated": 10
}