{
  "F1@5": 0.239205955808897,
  "NDCG": 0.3353661596775055,
  "Documents_evaluated": 200
}