{
  "F1@5": 0.31462702435446765,
  "NDCG": 0.42819228768348694,
  "Documents_evaluated": 766
}