{
  "F1@5": 0.2139807974240603,
  "NDCG": 0.2830018699169159,
  "Documents_evaluated": 69
}