{
  "F1@5": 0.19911910091274745,
  "NDCG": 0.2921764552593231,
  "Documents_evaluated": 69
}