{
  "F1@5": 0.35106845971957396,
  "NDCG": 0.4972284734249115,
  "Documents_evaluated": 560
}