{
  "F1@5": 0.2755437923441776,
  "NDCG": 0.38096479228765784,
  "Documents_evaluated": 1048
}