{
  "F1@5": 0.31892388702584384,
  "NDCG": 0.43880540132522583,
  "Documents_evaluated": 176
}