{
  "F1@5": 0.30808950488280346,
  "NDCG": 0.4214542806148529,
  "Documents_evaluated": 766
}