{
  "F1@5": 0.25270402031090483,
  "NDCG": 0.35872912406921387,
  "Documents_evaluated": 301
}