{
  "F1@5": 0.2848540007886927,
  "NDCG": 0.39235883951187134,
  "Documents_evaluated": 1048
}