{
  "F1@5": 0.2149368997016056,
  "NDCG": 0.30683887004852295,
  "Documents_evaluated": 200
}