{
  "F1@5": 0.31292682983199954,
  "NDCG": 0.4309488781622613,
  "Documents_evaluated": 1040
}