{
  "F1@5": 0.282322795812761,
  "NDCG": 0.39035728573799133,
  "Documents_evaluated": 1048
}