{
  "F1@5": 0.251316505514063,
  "NDCG": 0.35489609837532043,
  "Documents_evaluated": 301
}