{
  "F1@5": 0.21231690528702238,
  "NDCG": 0.29638299345970154,
  "Documents_evaluated": 69
}