{
  "F1@5": 0.2645720732259194,
  "NDCG": 0.38112032413482666,
  "Documents_evaluated": 312
}