{
  "F1@5": 0.2817277573393813,
  "NDCG": 0.3917263448238373,
  "Documents_evaluated": 1048
}