{
  "F1@5": 0.25072293208232144,
  "NDCG": 0.36041883792622453,
  "Documents_evaluated": 301
}