{
  "F1@5": 0.2201103193694428,
  "NDCG": 0.31732672452926636,
  "Documents_evaluated": 107
}