{
  "F1@5": 0.3703234002346633,
  "NDCG": 0.5111882090568542,
  "Documents_evaluated": 1311
}