{
  "F1@5": 0.3462050047835571,
  "NDCG": 0.49927711486816406,
  "Documents_evaluated": 560
}