{
  "F1@5": 0.2778015326135032,
  "NDCG": 0.3893243968486786,
  "Documents_evaluated": 1048
}