{
  "F1@5": 0.3130755786883787,
  "NDCG": 0.42857545614242554,
  "Documents_evaluated": 1040
}