{
  "F1@5": 0.3190051756630103,
  "NDCG": 0.43116530776023865,
  "Documents_evaluated": 1040
}