{
  "F1@5": 0.32061171839968006,
  "NDCG": 0.42769214510917664,
  "Documents_evaluated": 176
}