{
  "F1@5": 0.13666666666666666,
  "NDCG": 0.16886228054266922,
  "Documents_evaluated": 10
}