{
  "F1@5": 0.31667158287876634,
  "NDCG": 0.4253195740446553,
  "Documents_evaluated": 766
}