{
  "F1@5": 0.22395000914118562,
  "NDCG": 0.32420894503593445,
  "Documents_evaluated": 200
}