{
  "F1@5": 0.2621045246160568,
  "NDCG": 0.3624386489391327,
  "Documents_evaluated": 301
}