{
  "F1@5": 0.33894667884864954,
  "NDCG": 0.4692802429199219,
  "Documents_evaluated": 447
}