{
  "F1@5": 0.22828330430798907,
  "NDCG": 0.3038307726383209,
  "Documents_evaluated": 107
}