{
  "F1@5": 0.3175106844951704,
  "NDCG": 0.43122681975364685,
  "Documents_evaluated": 1040
}