{
  "F1@5": 0.3151587306793354,
  "NDCG": 0.43069947351936044,
  "Documents_evaluated": 1040
}