{
  "F1@5": 0.023717948717948717,
  "NDCG": 0.03657382252403959,
  "Documents_evaluated": 10
}