{
  "F1@5": 0.2487810247941506,
  "NDCG": 0.3441014289855957,
  "Documents_evaluated": 301
}