{
  "F1@5": 0.04183574879227053,
  "NDCG": 0.061627015840259355,
  "Documents_evaluated": 10
}