{
  "F1@5": 0.19682405071244818,
  "NDCG": 0.27940210453530295,
  "Documents_evaluated": 63
}