{
  "F1@5": 0.3124331205461291,
  "NDCG": 0.41997039318084717,
  "Documents_evaluated": 766
}