{
  "F1@5": 0.24945154560539173,
  "NDCG": 0.3542182743549347,
  "Documents_evaluated": 312
}