{
  "F1@5": 0.32929289961175834,
  "NDCG": 0.4719170033931732,
  "Documents_evaluated": 447
}