{
  "F1@5": 0.2747025498500293,
  "NDCG": 0.39049410820007324,
  "Documents_evaluated": 1048
}