{
  "F1@5": 0.37195654615539936,
  "NDCG": 0.5132067799568176,
  "Documents_evaluated": 1311
}