{
  "F1@5": 0.3526542901542902,
  "NDCG": 0.42368537187576294,
  "Documents_evaluated": 32
}