{
  "F1@5": 0.3090452687656086,
  "NDCG": 0.4252830147743225,
  "Documents_evaluated": 1040
}