{
  "F1@5": 0.3300269175269175,
  "NDCG": 0.45631086826324463,
  "Documents_evaluated": 32
}