{
  "F1@5": 0.25771180386565007,
  "NDCG": 0.36854299902915955,
  "Documents_evaluated": 312
}