{
  "F1@5": 0.30875322594072596,
  "NDCG": 0.4278963804244995,
  "Documents_evaluated": 32
}