{
  "F1@5": 0.3389813547258581,
  "NDCG": 0.4731553792953491,
  "Documents_evaluated": 447
}