{
  "F1@5": 0.5243770328760059,
  "NDCG": 0.6814592480659485,
  "Documents_evaluated": 766
}