{
  "F1@5": 0.5193455321087066,
  "NDCG": 0.6828198432922363,
  "Documents_evaluated": 766
}