{
  "F1@5": 0.5174994252349745,
  "NDCG": 0.6804717136059054,
  "Documents_evaluated": 766
}