{
  "F1@5": 0.5236351421200719,
  "NDCG": 0.6808953881263733,
  "Documents_evaluated": 766
}