{
  "F1@5": 0.5220738949334449,
  "NDCG": 0.6840262413024902,
  "Documents_evaluated": 766
}