{
  "F1@5": 0.5254483937956802,
  "NDCG": 0.6804437637329102,
  "Documents_evaluated": 766
}