{
  "F1@5": 0.521254215931539,
  "NDCG": 0.6806246042251587,
  "Documents_evaluated": 766
}