{
  "F1@5": 0.5126536954054511,
  "NDCG": 0.672733724117279,
  "Documents_evaluated": 766
}