{
  "F1@5": 0.5223932362810259,
  "NDCG": 0.681260883808136,
  "Documents_evaluated": 766
}