{
  "F1@5": 0.5242675732169176,
  "NDCG": 0.6799113750457764,
  "Documents_evaluated": 766
}