{
  "F1@5": 0.5245648401524858,
  "NDCG": 0.6775203347206116,
  "Documents_evaluated": 766
}