{
  "F1@5": 0.470408496254331,
  "NDCG": 0.6465097665786743,
  "Documents_evaluated": 1311
}