{
  "F1@5": 0.4741456217698943,
  "NDCG": 0.6507773399353027,
  "Documents_evaluated": 1311
}