{
  "F1@5": 0.3960660422198884,
  "NDCG": 0.5416634678840637,
  "Documents_evaluated": 312
}