{
  "F1@5": 0.47211753194689804,
  "NDCG": 0.6451713442802429,
  "Documents_evaluated": 1311
}