{
  "F1@5": 0.4725716286371803,
  "NDCG": 0.6469607949256897,
  "Documents_evaluated": 1311
}