{
  "F1@5": 0.4211942971558356,
  "NDCG": 0.5519067645072937,
  "Documents_evaluated": 312
}