{
  "F1@5": 0.4201814211429597,
  "NDCG": 0.5563138127326965,
  "Documents_evaluated": 312
}