{
  "F1@5": 0.47215942929618654,
  "NDCG": 0.6482026851685587,
  "Documents_evaluated": 1311
}