{
  "F1@5": 0.3969634354249739,
  "NDCG": 0.5352795720100403,
  "Documents_evaluated": 312
}