{
  "F1@5": 0.46916294383373225,
  "NDCG": 0.6467732191085815,
  "Documents_evaluated": 1311
}