{
  "F1@5": 0.40632529863299094,
  "NDCG": 0.5479913353919983,
  "Documents_evaluated": 312
}