{
  "F1@5": 0.4704776673384262,
  "NDCG": 0.6467841863632202,
  "Documents_evaluated": 1311
}