{
  "F1@5": 0.4176668772822619,
  "NDCG": 0.5489293932914734,
  "Documents_evaluated": 312
}