{
  "F1@5": 0.4052744975821899,
  "NDCG": 0.5564375519752502,
  "Documents_evaluated": 312
}