{
  "F1@5": 0.4050931974008897,
  "NDCG": 0.5537432432174683,
  "Documents_evaluated": 312
}