{
  "F1@5": 0.47518863480149925,
  "NDCG": 0.6482409834861755,
  "Documents_evaluated": 1311
}