{
  "F1@5": 0.4030531790147175,
  "NDCG": 0.5433341833611708,
  "Documents_evaluated": 312
}