{
  "F1@5": 0.3951267749344673,
  "NDCG": 0.5461028218269348,
  "Documents_evaluated": 312
}