{
  "F1@5": 0.4092650938804785,
  "NDCG": 0.548991858959198,
  "Documents_evaluated": 312
}