{
  "F1@5": 0.4735704734905104,
  "NDCG": 0.6512892246246338,
  "Documents_evaluated": 1311
}