{
  "F1@5": 0.47516902057503035,
  "NDCG": 0.6510351896286011,
  "Documents_evaluated": 1311
}