{
  "F1@5": 0.4691139316520091,
  "NDCG": 0.6453275680541992,
  "Documents_evaluated": 1311
}