{
  "F1@5": 0.30209318785789374,
  "NDCG": 0.4054855406284332,
  "Documents_evaluated": 200
}