{
  "F1@5": 0.30065058470940825,
  "NDCG": 0.40941253304481506,
  "Documents_evaluated": 200
}