{
  "F1@5": 0.31179232205702795,
  "NDCG": 0.4175753891468048,
  "Documents_evaluated": 200
}