{
  "F1@5": 0.3045525618172677,
  "NDCG": 0.43278297781944275,
  "Documents_evaluated": 200
}