{
  "F1@5": 0.3040808586837999,
  "NDCG": 0.4102933743219625,
  "Documents_evaluated": 200
}