{
  "F1@5": 0.29535730446024566,
  "NDCG": 0.41207560896873474,
  "Documents_evaluated": 200
}