{
  "F1@5": 0.3136816826963886,
  "NDCG": 0.4125138223171234,
  "Documents_evaluated": 200
}