{
  "F1@5": 0.31875191801662395,
  "NDCG": 0.41227585077285767,
  "Documents_evaluated": 200
}