{
  "F1@5": 0.31413500714971304,
  "NDCG": 0.42315196990966797,
  "Documents_evaluated": 200
}