{
  "F1@5": 0.3021922554569613,
  "NDCG": 0.4064006805419922,
  "Documents_evaluated": 200
}