{
  "F1@5": 0.3018040146128381,
  "NDCG": 0.4077235460281372,
  "Documents_evaluated": 200
}