{
  "F1@5": 0.4962093884307702,
  "NDCG": 0.6564671993255615,
  "Documents_evaluated": 1040
}