{
  "F1@5": 0.487503556019414,
  "NDCG": 0.6516352891921997,
  "Documents_evaluated": 1040
}