{
  "F1@5": 0.4894577448091382,
  "NDCG": 0.6550872921943665,
  "Documents_evaluated": 1040
}