{
  "F1@5": 0.49379248445204516,
  "NDCG": 0.6534780263900757,
  "Documents_evaluated": 1040
}