{
  "F1@5": 0.49066911431931265,
  "NDCG": 0.6515981554985046,
  "Documents_evaluated": 1040
}