{
  "F1@5": 0.4928397187847091,
  "NDCG": 0.6563901901245117,
  "Documents_evaluated": 1040
}