{
  "F1@5": 0.49595176451817613,
  "NDCG": 0.6549878152624716,
  "Documents_evaluated": 1040
}