{
  "F1@5": 0.4941374605328162,
  "NDCG": 0.6582161784172058,
  "Documents_evaluated": 1040
}