{
  "F1@5": 0.49103690820462104,
  "NDCG": 0.6527368426322937,
  "Documents_evaluated": 1040
}