{
  "F1@5": 0.4944992942335078,
  "NDCG": 0.6575725078582764,
  "Documents_evaluated": 1040
}