{
  "F1@5": 0.4937676414175867,
  "NDCG": 0.6565467715263367,
  "Documents_evaluated": 1040
}