{
  "F1@5": 0.4391374250749251,
  "NDCG": 0.5378702946050133,
  "Documents_evaluated": 32
}