{
  "F1@5": 0.2138675621763857,
  "NDCG": 0.28605687618255615,
  "Documents_evaluated": 200
}