{
  "F1@5": 0.38286643911643914,
  "NDCG": 0.5421130657196045,
  "Documents_evaluated": 32
}