{
  "F1@5": 0.38944201976562526,
  "NDCG": 0.5182913541793823,
  "Documents_evaluated": 107
}