{
  "F1@5": 0.278664108578362,
  "NDCG": 0.3881751200831628,
  "Documents_evaluated": 176
}