{
  "F1@5": 0.32339209935363783,
  "NDCG": 0.4452196091178051,
  "Documents_evaluated": 312
}