{
  "F1@5": 0.21513782132899778,
  "NDCG": 0.2931736409664154,
  "Documents_evaluated": 200
}