{
  "F1@5": 0.4430391050234972,
  "NDCG": 0.5812211632728577,
  "Documents_evaluated": 766
}