{
  "F1@5": 0.43828071094551047,
  "NDCG": 0.5773654580116272,
  "Documents_evaluated": 766
}