{
  "F1@5": 0.2596969696969697,
  "NDCG": 0.402510298472854,
  "Documents_evaluated": 10
}