{
  "F1@5": 0.4385320334553185,
  "NDCG": 0.5828136205673218,
  "Documents_evaluated": 766
}