{
  "F1@5": 0.2298311539520909,
  "NDCG": 0.318232923746109,
  "Documents_evaluated": 1311
}