{
  "F1@5": 0.1971521129126156,
  "NDCG": 0.28274092078208923,
  "Documents_evaluated": 447
}