{
  "F1@5": 0.30699391437765206,
  "NDCG": 0.42421284317970276,
  "Documents_evaluated": 301
}