{
  "F1@5": 0.2585500083145227,
  "NDCG": 0.3615582585334778,
  "Documents_evaluated": 1048
}