{
  "F1@5": 0.235537742593102,
  "NDCG": 0.32317522168159485,
  "Documents_evaluated": 1311
}