{
  "F1@5": 0.40458881396381396,
  "NDCG": 0.5372757911682129,
  "Documents_evaluated": 32
}