{
  "F1@5": 0.3169965183196486,
  "NDCG": 0.4241528809070587,
  "Documents_evaluated": 301
}