{
  "F1@5": 0.1238888888888889,
  "NDCG": 0.1900029013328929,
  "Documents_evaluated": 10
}