{
  "F1@5": 0.2820491819405635,
  "NDCG": 0.3860262930393219,
  "Documents_evaluated": 176
}