{
  "F1@5": 0.2804124723762035,
  "NDCG": 0.3852382161914214,
  "Documents_evaluated": 176
}