{
  "F1@5": 0.07666666666666666,
  "NDCG": 0.13571588888623282,
  "Documents_evaluated": 10
}