{
  "F1@5": 0.3707698404048501,
  "NDCG": 0.4959535002708435,
  "Documents_evaluated": 1040
}