{
  "F1@5": 0.226080726906706,
  "NDCG": 0.3134879171848297,
  "Documents_evaluated": 1311
}