{
  "F1@5": 0.3788865930641091,
  "NDCG": 0.517907440662384,
  "Documents_evaluated": 107
}