{
  "F1@5": 0.33489395220164453,
  "NDCG": 0.45017752051353455,
  "Documents_evaluated": 312
}