{
  "F1@5": 0.2869693440553272,
  "NDCG": 0.3894149959087372,
  "Documents_evaluated": 176
}