{
  "F1@5": 0.40123678404928403,
  "NDCG": 0.5458351373672485,
  "Documents_evaluated": 32
}