{
  "F1@5": 0.36757204664807097,
  "NDCG": 0.4949740469455719,
  "Documents_evaluated": 1040
}