{
  "F1@5": 0.3066353189019033,
  "NDCG": 0.4190884828567505,
  "Documents_evaluated": 301
}