{
  "F1@5": 0.2558182857276003,
  "NDCG": 0.3550537084911988,
  "Documents_evaluated": 1048
}