{
  "F1@5": 0.19698332993632955,
  "NDCG": 0.28538933396339417,
  "Documents_evaluated": 560
}