{
  "F1@5": 0.29727539499280253,
  "NDCG": 0.39602044224739075,
  "Documents_evaluated": 176
}