{
  "F1@5": 0.2811226996489307,
  "NDCG": 0.3852743225178435,
  "Documents_evaluated": 176
}