{
  "F1@5": 0.19829358056320018,
  "NDCG": 0.2889571565277228,
  "Documents_evaluated": 560
}