{
  "F1@5": 0.37400718413609113,
  "NDCG": 0.4972308874130249,
  "Documents_evaluated": 1040
}