{
  "F1@5": 0.3849437021312021,
  "NDCG": 0.53657066822052,
  "Documents_evaluated": 32
}