{
  "F1@5": 0.19549854951863904,
  "NDCG": 0.28648480772972107,
  "Documents_evaluated": 560
}