{
  "F1@5": 0.20049768837489312,
  "NDCG": 0.2875151038169861,
  "Documents_evaluated": 560
}