{
  "F1@5": 0.37410130463704294,
  "NDCG": 0.510936031115597,
  "Documents_evaluated": 105
}