{
  "F1@5": 0.2579292291832668,
  "NDCG": 0.360850065946579,
  "Documents_evaluated": 1048
}