{
  "F1@5": 0.19863253790088525,
  "NDCG": 0.28941115736961365,
  "Documents_evaluated": 560
}