{
  "F1@5": 0.26167953339805844,
  "NDCG": 0.3626808524131775,
  "Documents_evaluated": 1048
}