{
  "F1@5": 0.4364815616358508,
  "NDCG": 0.5736151337623596,
  "Documents_evaluated": 766
}