{
  "F1@5": 0.42576923076923084,
  "NDCG": 0.5451029950637863,
  "Documents_evaluated": 10
}