{
  "F1@5": 0.27591497643019186,
  "NDCG": 0.38379546999931335,
  "Documents_evaluated": 176
}