{
  "F1@5": 0.40964833777333776,
  "NDCG": 0.5626029372215271,
  "Documents_evaluated": 32
}