{
  "F1@5": 0.33286318382472235,
  "NDCG": 0.4463248550891876,
  "Documents_evaluated": 312
}