{
  "F1@5": 0.2327657460361404,
  "NDCG": 0.32128018140792847,
  "Documents_evaluated": 1311
}