{
  "F1@5": 0.3132739490330175,
  "NDCG": 0.4270124154147417,
  "Documents_evaluated": 301
}