{
  "F1@5": 0.25404923106367583,
  "NDCG": 0.3526679277420044,
  "Documents_evaluated": 1048
}