{
  "F1@5": 0.3747733912276001,
  "NDCG": 0.5160552859306335,
  "Documents_evaluated": 107
}