{
  "F1@5": 0.3111715980276828,
  "NDCG": 0.42058926820755005,
  "Documents_evaluated": 301
}