{
  "F1@5": 0.31799968147794233,
  "NDCG": 0.46192979924616434,
  "Documents_evaluated": 10
}