{
  "F1@5": 0.25581828572760024,
  "NDCG": 0.3550537084911988,
  "Documents_evaluated": 1048
}