{
  "F1@5": 0.32888977119746354,
  "NDCG": 0.4497173887310454,
  "Documents_evaluated": 312
}