{
  "F1@5": 0.20455427195314813,
  "NDCG": 0.28052961826324463,
  "Documents_evaluated": 447
}