{
  "F1@5": 0.24333333333333332,
  "NDCG": 0.33081878480579,
  "Documents_evaluated": 10
}