{
  "F1@5": 0.22620918598751583,
  "NDCG": 0.3159113949701473,
  "Documents_evaluated": 1311
}