{
  "F1@5": 0.22742922347554473,
  "NDCG": 0.3150874972343445,
  "Documents_evaluated": 1311
}