{
  "F1@5": 0.26243721122935826,
  "NDCG": 0.3673574924468994,
  "Documents_evaluated": 1048
}