{
  "F1@5": 0.21836908842791197,
  "NDCG": 0.28907570242881775,
  "Documents_evaluated": 200
}