{
  "F1@5": 0.3713215552275417,
  "NDCG": 0.4942559003829956,
  "Documents_evaluated": 1040
}