{
  "F1@5": 0.21298486317603962,
  "NDCG": 0.2938991189002991,
  "Documents_evaluated": 200
}