{
  "F1@5": 0.3344884104499489,
  "NDCG": 0.4508802890777588,
  "Documents_evaluated": 312
}