{
  "F1@5": 0.3139877242253089,
  "NDCG": 0.4266512989997864,
  "Documents_evaluated": 301
}