{
  "F1@5": 0.2567167023606746,
  "NDCG": 0.35593949014139237,
  "Documents_evaluated": 1048
}