{
  "F1@5": 0.22768753818365725,
  "NDCG": 0.31848617108917593,
  "Documents_evaluated": 1311
}