{
  "F1@5": 0.2538878476246046,
  "NDCG": 0.35455089807510376,
  "Documents_evaluated": 1048
}