{
  "F1@5": 0.337419204726897,
  "NDCG": 0.4576815068721771,
  "Documents_evaluated": 312
}