{
  "F1@5": 0.3289415712492636,
  "NDCG": 0.4430834949016571,
  "Documents_evaluated": 312
}