{
  "F1@5": 0.20154969361621997,
  "NDCG": 0.28130924701690674,
  "Documents_evaluated": 447
}