{
  "F1@5": 0.3684869911335908,
  "NDCG": 0.5011483430862427,
  "Documents_evaluated": 107
}