{
  "F1@5": 0.23105169335822534,
  "NDCG": 0.31733426451683044,
  "Documents_evaluated": 1311
}