{
  "F1@5": 0.2567412744702019,
  "NDCG": 0.3595125675201416,
  "Documents_evaluated": 1048
}