{
  "F1@5": 0.3295105179720565,
  "NDCG": 0.43854814767837524,
  "Documents_evaluated": 312
}