{
  "F1@5": 0.1955999464547318,
  "NDCG": 0.28295403718948364,
  "Documents_evaluated": 560
}