{
  "F1@5": 0.3167891662636085,
  "NDCG": 0.43645235896110535,
  "Documents_evaluated": 301
}