{
  "F1@5": 0.1972218250930972,
  "NDCG": 0.28716805577278137,
  "Documents_evaluated": 447
}