{
  "F1@5": 0.3980141386391386,
  "NDCG": 0.5637854207797928,
  "Documents_evaluated": 32
}