{
  "F1@5": 0.22291952981658864,
  "NDCG": 0.30293604731559753,
  "Documents_evaluated": 200
}