{
  "F1@5": 0.3769917286596227,
  "NDCG": 0.4985055421396945,
  "Documents_evaluated": 1040
}