{
  "F1@5": 0.37348213562434357,
  "NDCG": 0.4958004951477051,
  "Documents_evaluated": 1040
}