{
  "F1@5": 0.3735785744089884,
  "NDCG": 0.4935547411441803,
  "Documents_evaluated": 1040
}