{
  "F1@5": 0.343417593185395,
  "NDCG": 0.4538632929325104,
  "Documents_evaluated": 69
}