{
  "F1@5": 0.3714162263655725,
  "NDCG": 0.5155849456787109,
  "Documents_evaluated": 107
}