{
  "F1@5": 0.3794411318657035,
  "NDCG": 0.5100535696914623,
  "Documents_evaluated": 105
}