{
  "F1@5": 0.22777777777777777,
  "NDCG": 0.4075551635810496,
  "Documents_evaluated": 10
}