{
  "F1@5": 0.19998774949344722,
  "NDCG": 0.28111162883223084,
  "Documents_evaluated": 447
}