{
  "F1@5": 0.2019899981196284,
  "NDCG": 0.2837369441986084,
  "Documents_evaluated": 447
}