{
  "F1@5": 0.22761275198193473,
  "NDCG": 0.31236156821250916,
  "Documents_evaluated": 1311
}