{
  "F1@5": 0.3902760434010434,
  "NDCG": 0.5583996176719666,
  "Documents_evaluated": 32
}