{
  "F1@5": 0.22379881719587605,
  "NDCG": 0.2894131171234747,
  "Documents_evaluated": 200
}