{
  "F1@5": 0.20186627455334655,
  "NDCG": 0.281288206577301,
  "Documents_evaluated": 447
}