{
  "F1@5": 0.22482118371824256,
  "NDCG": 0.30831146240234375,
  "Documents_evaluated": 200
}