{
  "F1@5": 0.2758670955058737,
  "NDCG": 0.3892902135848999,
  "Documents_evaluated": 176
}