{
  "F1@5": 0.21018424712542358,
  "NDCG": 0.2848984897136688,
  "Documents_evaluated": 200
}