{
  "F1@5": 0.33801792258227453,
  "NDCG": 0.4592820682398632,
  "Documents_evaluated": 63
}