{
  "F1@5": 0.3680668274891286,
  "NDCG": 0.4940447211265564,
  "Documents_evaluated": 1040
}