{
  "F1@5": 0.3856803963532395,
  "NDCG": 0.5166020393371582,
  "Documents_evaluated": 107
}