{
  "F1@5": 0.3886127761127761,
  "NDCG": 0.5309624671936035,
  "Documents_evaluated": 32
}