{
  "F1@5": 0.34337360253701615,
  "NDCG": 0.45248833298683167,
  "Documents_evaluated": 69
}