{
  "F1@5": 0.4363041761149593,
  "NDCG": 0.5746154189109802,
  "Documents_evaluated": 766
}