{
  "F1@5": 0.20102591823789315,
  "NDCG": 0.28144657611846924,
  "Documents_evaluated": 447
}