{
  "F1@5": 0.34979475787121495,
  "NDCG": 0.45587024092674255,
  "Documents_evaluated": 69
}