{
  "F1@5": 0.3546346010271168,
  "NDCG": 0.46020790934562683,
  "Documents_evaluated": 69
}