{
  "F1@5": 0.38298437673437674,
  "NDCG": 0.5333408713340759,
  "Documents_evaluated": 32
}