{
  "F1@5": 0.37115649075863094,
  "NDCG": 0.5041442513465881,
  "Documents_evaluated": 107
}