{
  "F1@5": 0.28919002050581,
  "NDCG": 0.3812483208326123,
  "Documents_evaluated": 10
}