{
  "F1@5": 0.28400301610790546,
  "NDCG": 0.39437052607536316,
  "Documents_evaluated": 176
}