{
  "F1@5": 0.3192558963065338,
  "NDCG": 0.42594701051712036,
  "Documents_evaluated": 301
}