{
  "F1@5": 0.35065260751423083,
  "NDCG": 0.45920485258102417,
  "Documents_evaluated": 69
}