{
  "F1@5": 0.2805705692190523,
  "NDCG": 0.3958665728569031,
  "Documents_evaluated": 176
}