{
  "F1@5": 0.43454595456153194,
  "NDCG": 0.5746381282806396,
  "Documents_evaluated": 766
}