{
  "F1@5": 0.20395776399445267,
  "NDCG": 0.2814818024635315,
  "Documents_evaluated": 447
}