{
  "F1@5": 0.20608439273145154,
  "NDCG": 0.2849428057670593,
  "Documents_evaluated": 200
}