{
  "F1@5": 0.3427766385661123,
  "NDCG": 0.49976610464244514,
  "Documents_evaluated": 10
}