{
  "F1@5": 0.2358062383944545,
  "NDCG": 0.32286888360977173,
  "Documents_evaluated": 1311
}