{
  "F1@5": 0.37087864991821695,
  "NDCG": 0.4948276877403259,
  "Documents_evaluated": 1040
}