{
  "F1@5": 0.33001418097571944,
  "NDCG": 0.44591477513313293,
  "Documents_evaluated": 312
}