{
  "F1@5": 0.19564725736803243,
  "NDCG": 0.2853481994360611,
  "Documents_evaluated": 560
}