{
  "F1@5": 0.3727713701174929,
  "NDCG": 0.5096238851547241,
  "Documents_evaluated": 107
}