{
  "F1@5": 0.33233956214725446,
  "NDCG": 0.4503549337387085,
  "Documents_evaluated": 312
}