{
  "F1@5": 0.3049068815501052,
  "NDCG": 0.42262372374534607,
  "Documents_evaluated": 301
}