{
  "F1@5": 0.2002864040748483,
  "NDCG": 0.2900235950946808,
  "Documents_evaluated": 560
}