{
  "F1@5": 0.2156819716231481,
  "NDCG": 0.28796463238069503,
  "Documents_evaluated": 200
}