{
  "F1@5": 0.4386504107569444,
  "NDCG": 0.5800948534967515,
  "Documents_evaluated": 766
}