{
  "F1@5": 0.20138344177211576,
  "NDCG": 0.2840975522994995,
  "Documents_evaluated": 447
}