{
  "F1@5": 0.33811984887467705,
  "NDCG": 0.47383593086419695,
  "Documents_evaluated": 63
}