{
  "F1@5": 0.22957358767382205,
  "NDCG": 0.32184988260269165,
  "Documents_evaluated": 1311
}