{
  "F1@5": 0.2896559817269248,
  "NDCG": 0.3874035179615021,
  "Documents_evaluated": 176
}