{
  "F1@5": 0.3277600831040055,
  "NDCG": 0.44674763083457947,
  "Documents_evaluated": 69
}