{
  "F1@5": 0.20641939860903674,
  "NDCG": 0.2892751966898637,
  "Documents_evaluated": 447
}