{
  "F1@5": 0.4374273803119882,
  "NDCG": 0.5742790102958679,
  "Documents_evaluated": 766
}