{
  "F1@5": 0.33537794235398216,
  "NDCG": 0.45641830563545227,
  "Documents_evaluated": 69
}