{
  "F1@5": 0.07967032967032968,
  "NDCG": 0.08999220828137436,
  "Documents_evaluated": 10
}