{
  "F1@5": 0.2531031270374149,
  "NDCG": 0.3519803583621979,
  "Documents_evaluated": 1048
}