{
  "F1@5": 0.3068585384076507,
  "NDCG": 0.42273154854774475,
  "Documents_evaluated": 301
}