{
  "F1@5": 0.44136375705972153,
  "NDCG": 0.577599823474884,
  "Documents_evaluated": 766
}