{
  "F1@5": 0.25517724901663463,
  "NDCG": 0.3548031747341156,
  "Documents_evaluated": 1048
}