{
  "F1@5": 0.1994624413107871,
  "NDCG": 0.2871762812137604,
  "Documents_evaluated": 560
}