{
  "F1@5": 0.41010101010101013,
  "NDCG": 0.58258300236488,
  "Documents_evaluated": 10
}