{
  "F1@5": 0.43117588159644255,
  "NDCG": 0.5758447051048279,
  "Documents_evaluated": 766
}