{
  "F1@5": 0.3747113622401011,
  "NDCG": 0.5001469345556616,
  "Documents_evaluated": 1040
}