{
  "F1@5": 0.3325730491869945,
  "NDCG": 0.44723179936408997,
  "Documents_evaluated": 69
}