{
  "F1@5": 0.37932611723501924,
  "NDCG": 0.5136594176292419,
  "Documents_evaluated": 107
}