{
  "F1@5": 0.19813602117396784,
  "NDCG": 0.2835971415042877,
  "Documents_evaluated": 560
}