{
  "F1@5": 0.19536435988273487,
  "NDCG": 0.2842157483100891,
  "Documents_evaluated": 560
}