{
  "F1@5": 0.33801792258227453,
  "NDCG": 0.4591378246393934,
  "Documents_evaluated": 63
}