{
  "F1@5": 0.33283305014074244,
  "NDCG": 0.447469562292099,
  "Documents_evaluated": 312
}