{
  "F1@5": 0.34743693935375186,
  "NDCG": 0.4539322853088379,
  "Documents_evaluated": 69
}