{
  "F1@5": 0.40063929126429126,
  "NDCG": 0.562961220741272,
  "Documents_evaluated": 32
}