{
  "F1@5": 0.30313692862075137,
  "NDCG": 0.4190261866320615,
  "Documents_evaluated": 301
}