{
  "F1@5": 0.21548548347077756,
  "NDCG": 0.30052807927131653,
  "Documents_evaluated": 200
}