{
  "F1@5": 0.16008158508158507,
  "NDCG": 0.26088873879094854,
  "Documents_evaluated": 10
}