{
  "F1@5": 0.4374477253191791,
  "NDCG": 0.5756775502056298,
  "Documents_evaluated": 766
}