{
  "F1@5": 0.2859153637654861,
  "NDCG": 0.39154937863349915,
  "Documents_evaluated": 176
}