{
  "F1@5": 0.36994346729702476,
  "NDCG": 0.49414074420928955,
  "Documents_evaluated": 1040
}