{
  "F1@5": 0.3911900332045621,
  "NDCG": 0.5298156142234802,
  "Documents_evaluated": 107
}