{
  "F1@5": 0.392129867062123,
  "NDCG": 0.5267099142074585,
  "Documents_evaluated": 107
}