{
  "F1@5": 0.3971397929418279,
  "NDCG": 0.5346266031265259,
  "Documents_evaluated": 107
}