{
  "F1@5": 0.37704381160629913,
  "NDCG": 0.5234875082969666,
  "Documents_evaluated": 107
}