{
  "F1@5": 0.3779426358696093,
  "NDCG": 0.5225921869277954,
  "Documents_evaluated": 107
}