{
  "F1@5": 0.38029467207555606,
  "NDCG": 0.5329111218452454,
  "Documents_evaluated": 107
}