{
  "F1@5": 0.38866156713168737,
  "NDCG": 0.5258798216699053,
  "Documents_evaluated": 105
}