{
  "F1@5": 0.39725142466234775,
  "NDCG": 0.5255954265594482,
  "Documents_evaluated": 107
}