{
  "F1@5": 0.3939611621685095,
  "NDCG": 0.5269667506217957,
  "Documents_evaluated": 107
}