{
  "F1@5": 0.3815695135373134,
  "NDCG": 0.5198650360107422,
  "Documents_evaluated": 107
}