{
  "F1@5": 0.3785369006654183,
  "NDCG": 0.5234645009040833,
  "Documents_evaluated": 107
}