{
  "F1@5": 0.5351660492285493,
  "NDCG": 0.7202810049057007,
  "Documents_evaluated": 32
}