{
  "F1@5": 0.5625695485070485,
  "NDCG": 0.7334520245728012,
  "Documents_evaluated": 32
}