{
  "F1@5": 0.5454339063714064,
  "NDCG": 0.7422294616699219,
  "Documents_evaluated": 32
}