{
  "F1@5": 0.5470708111333111,
  "NDCG": 0.7341756820678711,
  "Documents_evaluated": 32
}