{
  "F1@5": 0.5457191246253746,
  "NDCG": 0.7406215071678162,
  "Documents_evaluated": 32
}