{
  "F1@5": 0.5594761141636142,
  "NDCG": 0.7343406677246094,
  "Documents_evaluated": 32
}