{
  "F1@5": 0.5564334103396604,
  "NDCG": 0.747565746307373,
  "Documents_evaluated": 32
}