{
  "F1@5": 0.5488069222444223,
  "NDCG": 0.7342822551727295,
  "Documents_evaluated": 32
}