{
  "F1@5": 0.5745735167610169,
  "NDCG": 0.7449032068252563,
  "Documents_evaluated": 32
}