{
  "F1@5": 0.5598188270063271,
  "NDCG": 0.7389482259750366,
  "Documents_evaluated": 32
}