{
  "F1@5": 0.5557513666888667,
  "NDCG": 0.7438456416130066,
  "Documents_evaluated": 32
}