{
  "F1@5": 0.4903172679205039,
  "NDCG": 0.6856218576431274,
  "Documents_evaluated": 560
}