{
  "F1@5": 0.4878130294027451,
  "NDCG": 0.6787754893302917,
  "Documents_evaluated": 560
}