{
  "F1@5": 0.4870202538729923,
  "NDCG": 0.6813675165176392,
  "Documents_evaluated": 560
}