{
  "F1@5": 0.4858890352163123,
  "NDCG": 0.6765456199645996,
  "Documents_evaluated": 560
}