{
  "F1@5": 0.48819620722679796,
  "NDCG": 0.6821990013122559,
  "Documents_evaluated": 560
}