{
  "F1@5": 0.48668585391845626,
  "NDCG": 0.6772030591964722,
  "Documents_evaluated": 560
}