{
  "F1@5": 0.49429446469579646,
  "NDCG": 0.6785486340522766,
  "Documents_evaluated": 560
}