{
  "F1@5": 0.49215424562122995,
  "NDCG": 0.6842397925690762,
  "Documents_evaluated": 560
}