{
  "F1@5": 0.4848461177326066,
  "NDCG": 0.6744674444198608,
  "Documents_evaluated": 560
}