{
  "F1@5": 0.4902770784046111,
  "NDCG": 0.6773197054862976,
  "Documents_evaluated": 560
}