{
  "F1@5": 0.4860979206866431,
  "NDCG": 0.6728953719139099,
  "Documents_evaluated": 560
}