{
  "F1@5": 0.5155608019850626,
  "NDCG": 0.6975600123405457,
  "Documents_evaluated": 176
}