{
  "F1@5": 0.5112834972126695,
  "NDCG": 0.6896765232086182,
  "Documents_evaluated": 176
}