{
  "F1@5": 0.5218269409634343,
  "NDCG": 0.6952531337738037,
  "Documents_evaluated": 176
}