{
  "F1@5": 0.5178757071423722,
  "NDCG": 0.6946191191673279,
  "Documents_evaluated": 176
}