{
  "F1@5": 0.5059074567785757,
  "NDCG": 0.6866861581802368,
  "Documents_evaluated": 176
}