{
  "F1@5": 0.5102030118655434,
  "NDCG": 0.6979689002037048,
  "Documents_evaluated": 176
}