{
  "F1@5": 0.5232067837449134,
  "NDCG": 0.6981104016304016,
  "Documents_evaluated": 176
}