{
  "F1@5": 0.5297767377378197,
  "NDCG": 0.703452467918396,
  "Documents_evaluated": 176
}