{
  "F1@5": 0.5092157176435669,
  "NDCG": 0.6954492330551147,
  "Documents_evaluated": 176
}