{
  "F1@5": 0.5124916846357634,
  "NDCG": 0.6810131814066084,
  "Documents_evaluated": 176
}