{
  "F1@5": 0.5254915819307948,
  "NDCG": 0.6987821459770203,
  "Documents_evaluated": 176
}